{"Bleu_1": 0.6808943089423974, "Bleu_2": 0.5064491381170515, "Bleu_3": 0.36611339864921477, "Bleu_4": 0.2592882456098274, "METEOR": 0.2333619891869793, "ROUGE_L": 0.5013955438765167, "CIDEr": 0.9195504835501914, "CIDEr-R": 0.9236010402973569, "WMD": 0.5019610521792248}