{"Bleu_1": 0.31344845630543516, "Bleu_2": 0.16796455539980998, "Bleu_3": 0.09119710186506852, "Bleu_4": 0.042607534349445524, "METEOR": 0.15817256000429514, "ROUGE_L": 0.27925793619482975, "CIDEr": 0.20236399008394595, "CIDEr-R": 0.3193829080351613, "WMD": 0.38057288685812274}