{"Bleu_1": 0.7145811789030873, "Bleu_2": 0.5492331988004941, "Bleu_3": 0.39100945728364106, "Bleu_4": 0.26734846920358113, "METEOR": 0.2519828019839826, "ROUGE_L": 0.5251067500516513, "CIDEr": 1.0116209315826046, "CIDEr-R": 1.009024569684533, "WMD": 0.5247866573855591}