{"Bleu_1": 0.31088900578626466, "Bleu_2": 0.1677411545079987, "Bleu_3": 0.08089250916063508, "Bleu_4": 0.03391160890194525, "METEOR": 0.15653013412102484, "ROUGE_L": 0.282826772704025, "CIDEr": 0.16907734017831838, "CIDEr-R": 0.2877379264951567, "WMD": 0.3717217911689499}