{"Bleu_1": 0.32043879907602746, "Bleu_2": 0.17557484622456693, "Bleu_3": 0.09378856584413071, "Bleu_4": 0.0463339326946344, "METEOR": 0.1637727830369379, "ROUGE_L": 0.29918286647518144, "CIDEr": 0.24305560454460018, "CIDEr-R": 0.3484984865571353, "WMD": 0.3878990636454321}