{"Bleu_1": 0.5411764705877805, "Bleu_2": 0.37418016156378847, "Bleu_3": 0.24887671928460955, "Bleu_4": 0.16519915332568536, "METEOR": 0.21559851350935258, "ROUGE_L": 0.4529477826706987, "CIDEr": 0.7956127350107103, "CIDEr-R": 0.8199491701511329, "WMD": 0.4760462339887211}