{"Bleu_1": 0.7019527235347359, "Bleu_2": 0.5342702432720599, "Bleu_3": 0.3878524346186847, "Bleu_4": 0.2770915956456168, "METEOR": 0.24546659821353925, "ROUGE_L": 0.5214077648440592, "CIDEr": 0.9882986448377538, "CIDEr-R": 0.9916380979887295, "WMD": 0.516433119823675}