{"Bleu_1": 0.3237057220706683, "Bleu_2": 0.17169355464688552, "Bleu_3": 0.08494863043002694, "Bleu_4": 0.03934395400730757, "METEOR": 0.16190998634363207, "ROUGE_L": 0.2833905238154115, "CIDEr": 0.19963986423213784, "CIDEr-R": 0.3204336047517402, "WMD": 0.3749615734237318}