{"Bleu_1": 0.6503984063738542, "Bleu_2": 0.4775679245812154, "Bleu_3": 0.3337043354811578, "Bleu_4": 0.23106100711432287, "METEOR": 0.23135444730159296, "ROUGE_L": 0.49649830713012294, "CIDEr": 0.8540473453359345, "CIDEr-R": 0.8562316568798568, "WMD": 0.4887872512188773}