{"Bleu_1": 0.6835820895515586, "Bleu_2": 0.5104821909600009, "Bleu_3": 0.36072626992927465, "Bleu_4": 0.24599525007350304, "METEOR": 0.2421230283830767, "ROUGE_L": 0.5109536033068044, "CIDEr": 0.9652168277048306, "CIDEr-R": 0.9654476345185796, "WMD": 0.5122565060832582}