{"Bleu_1": 0.701718907987157, "Bleu_2": 0.5263616833636381, "Bleu_3": 0.37149085652767033, "Bleu_4": 0.2529280312909799, "METEOR": 0.2419522812831367, "ROUGE_L": 0.5197063841417294, "CIDEr": 0.9626649735703242, "CIDEr-R": 0.9598281068316159, "WMD": 0.5158392497422285}