{"Bleu_1": 0.6956521739123401, "Bleu_2": 0.5240814054213218, "Bleu_3": 0.37126095535162174, "Bleu_4": 0.2594401051564076, "METEOR": 0.235997021863579, "ROUGE_L": 0.5106271411123202, "CIDEr": 0.9526861974061347, "CIDEr-R": 0.955825092497605, "WMD": 0.5017223480620739}