{"Bleu_1": 0.31359649122789823, "Bleu_2": 0.17166212088418326, "Bleu_3": 0.08911329660324004, "Bleu_4": 0.04085530465404391, "METEOR": 0.15659135131910745, "ROUGE_L": 0.28001207542921713, "CIDEr": 0.20391289482651684, "CIDEr-R": 0.32049742357712524, "WMD": 0.3730809797727557}