{"Bleu_1": 0.3203991130818623, "Bleu_2": 0.16625301300352444, "Bleu_3": 0.08833474485583576, "Bleu_4": 0.03890713135891384, "METEOR": 0.15300773465375198, "ROUGE_L": 0.27944949832042437, "CIDEr": 0.2111628926213371, "CIDEr-R": 0.3126040929136074, "WMD": 0.37510129273916376}